Guest #,First Name,Last Name,Same Table,Same Table,Not Same Table
1,Faith,Kundert,2,3,4
2,Adrien,Kundert,1,4,
3,Brittne,Giacubbo,4,2,7
4,Eugen,Giacubbo,3,1,
5,Coletta,Klimczak,6,7,9
6,Gray,Klimczak,5,8,
7,Frannie,Rock,8,6,11
8,Holly,Rock,7,5,
9,Winna,Packington,10,11,13
10,Tabb,Packington,9,12,
11,Luciana,Dryden,12,10,15
12,Joaquin,Dryden,11,9,
13,Helaine,Mathivet,14,15,17
14,Shamus,Mathivet,13,16,
15,Jyoti,Pirot,16,14,19
16,Lock,Pirot,15,13,
17,Clare,Kennard,18,19,21
18,Cello,Kennard,17,20,
19,Devonna,Shelsher,20,18,23
20,Jon,Shelsher,19,17,
21,Terry,Daverin,22,23,25
22,Siegfried,Daverin,21,24,
23,Odette,Moyce,24,22,27
24,Gus,Moyce,23,21,
25,Sharleen,Gurdon,26,27,29
26,Bendicty,Gurdon,25,28,
27,Fleur,Lynas,28,26,31
28,Schuyler,Lynas,27,25,
29,Junina,Peare,30,31,33
30,Lefty,Peare,29,32,
31,Noell,Meaker,32,30,35
32,Shepherd,Meaker,31,29,
33,Katy,Garling,34,35,37
34,Willdon,Garling,33,36,
35,Daffi,Flanner,36,34,39
36,Jarret,Flanner,35,33,
37,Vivien,Davies,38,39,41
38,Grannie,Davies,37,40,
39,Jacklin,McMurty,40,38,43
40,Pete,McMurty,39,37,
41,Dinny,Scammell,42,43,45
42,Gale,Scammell,41,44,
43,Atlanta,O'Teague,44,42,47
44,Sander,O'Teague,43,41,
45,Vinita,Howle,46,47,49
46,Dexter,Howle,45,48,
47,Filide,Le Bosse,48,46,1
48,Alair,Le Bosse,47,45,
49,Hyacintha,Weitzel,50, ,3
50,Shepard,Weitzel,49, ,